StudySite,Latitude,Longitude,Longitude.UTM,Latitude.UTM,habitat.type,dominant.tree,height.cm,angle,detect.obscured,cover.ground,termite.count.100m,termite.count.50m,termite.large.count.100m,termite.large.count.50m,habitat.number,tree,termites,fire.interval,poaching.all,poaching.high,boundary.distance,road.distance,road.major.distance,urema.distance,pan.distance,river.distance,settlement.distance,tree.100m,tree.250m,tree.500m,tree.1km,termites.100m,termites.250m,termites.500m,termites.1km,fire2015.date,fire2016.date,fire2017.date,pans.100m,pans.250m,pans.500m,tree.hansen,lion.dry,lion.wet,panscon.250m,poaching,panscon.offflood.250
A06,-18.94847,34.3112,638055.6577,7904361.198,2_OW,CA,-1.261883537,-0.981142889,-0.623505966,-0.715695863,-0.554632246,-0.284463468,-0.436886249,-0.124966636,-0.298988193,-1.20389688,-0.452407181,1.824844599,1.731667876,-0.417812735,-0.598741412,1.538866162,0.878281713,1.681102991,-0.404820979,-0.422805101,-0.420702338,-0.757043362,-1.389611602,-1.76172924,-1.361044765,-0.134728178,-1.005282521,-1.451148748,-1.459284067,0.056499943,NA,NA,-0.251784295,-0.1880707,-0.271184444,-0.365160435,0.365545571,1.046891212,-0.045515176,0.820551813,-0.246277034
A08,-18.97055,34.31128,638045.9089,7901917.535,2.5_OCW,AR,-0.660986615,-0.657689189,-0.623505966,0.058727073,-0.249330092,-0.967175791,-0.139009261,-0.806602832,0.298988193,-0.283197016,2.210397959,0.151716426,-0.577477932,-0.417812735,-1.178166747,-0.642429292,-0.754303753,1.960844398,-0.348182708,-0.14204137,-0.860521913,-0.262021273,-0.439679652,-0.530231118,-0.355741769,0.808252156,0.002929076,0.389310122,0.235886469,0.185804129,NA,NA,-0.251784295,-0.255453706,-0.243467823,1.137363672,-0.082014456,0.22320886,-0.329289377,-0.544090748,-0.246277034
A10,-18.99254,34.3117,638072.0057,7899483.559,4_F,HY,-0.060089692,-0.981142889,1.577103326,1.801178678,-0.8599344,-0.967175791,-0.734763236,-0.806602832,2.092917349,0.916651189,-0.452407181,-1.952914476,-0.577477932,-0.417812735,-1.726400852,-0.825509429,-0.891329646,2.284898043,0.038039286,-1.227416992,-0.856605232,1.595591784,1.533444881,1.626841784,1.254659653,-1.401231289,-1.326045156,-1.831282735,-1.839369655,0.01692028,NA,NA,-0.251784295,-0.288821429,-0.148161769,1.795142531,-0.977134526,0.22320886,-0.329289377,-0.544090748,-0.246277034
B05,-18.9376,34.33081,640129.751,7905548.727,1_SW,mix,0.54080723,0.636125609,-0.623505966,-0.328484395,0.361274215,1.080961178,0.456744715,1.238305756,-1.494940964,-1.20389688,-0.452407181,1.28848958,-0.577477932,-0.417812735,-0.4828614,2.523743629,1.615411043,1.136013031,-0.687127531,-1.20374918,-0.51957202,-1.933756828,-2.059137344,-1.975331903,-1.814264059,-1.282522678,-1.635194778,-1.731969953,-1.598553419,0.072984166,NA,-0.750564754,-0.161114156,-0.243792132,-0.24258627,-1.200633645,-0.977134526,1.046891212,-0.329289377,-0.544090748,-0.246277034
B07,-18.95957,34.33033,640060.8662,7903117.669,1_SW,AR,1.141704153,0.636125609,-0.623505966,1.801178678,0.055972062,1.080961178,0.158867727,1.238305756,-1.494940964,-1.20389688,2.210397959,0.540742338,-0.577477932,-0.417812735,-1.032480717,0.569619656,0.152851462,1.425723433,-0.472056061,-0.107251756,-1.278876424,-1.833810687,-1.654985666,-1.538752437,-0.674101651,-1.102787971,-0.74399215,-0.82606864,-1.066777706,0.144252837,NA,NA,-0.251784295,-0.215649799,-0.238332033,-1.221665502,-0.082014456,-1.012314677,-0.329289377,-0.544090748,-0.246277034
B09,-18.98108,34.33122,640136.5979,7900736.425,2_OW,AR,-0.060089692,-0.01078179,-0.623505966,-0.909301597,3.719597909,2.446385824,3.73339158,2.601578149,-0.298988193,-1.20389688,-0.452407181,0.466020018,-0.577477932,-0.417812735,-1.577982664,-0.076317415,-0.330598742,1.739314675,-0.73940599,-0.933508933,-1.698153019,-1.220443726,-1.305859923,-1.525117159,-0.60254854,-0.634641588,-0.599358618,-0.834709287,-0.461737961,NA,NA,NA,-0.21376133,-0.234658062,-0.268244416,-0.969139278,0.088058352,1.458732367,-0.329289377,-0.544090748,-0.246277034
C06,-18.94877,34.35125,642272.8619,7904296.172,2_OW,HY,0.54080723,-0.01078179,-0.623505966,-0.909301597,-0.249330092,1.080961178,-0.139009261,1.238305756,-0.298988193,-1.184307575,2.210397959,0.814550877,-0.577477932,-0.417812735,-0.878519654,-0.950744867,-0.985061884,0.856272697,-0.668434381,-0.815070093,-1.142145038,-1.393171072,-1.493533134,-1.27435112,-1.420121431,-0.455742866,-0.727452517,-0.568161607,-0.715537488,0.307700574,NA,NA,-0.228385553,-0.1579227,-0.264495075,-0.545695722,-0.977134526,-0.600473464,0.078594111,-0.544090748,0.437293231
C08,-18.97041,34.35071,642197.6499,7901901.671,2_OW,AR,-0.060089692,-0.657689189,-0.623505966,-0.715695863,0.055972062,1.080961178,0.158867727,1.238305756,-0.298988193,-1.20389688,2.210397959,-0.088240318,-0.577477932,-0.417812735,-1.458291411,-0.416336685,-0.585085273,1.20976603,-0.198706552,-0.69663173,-2.033930302,-0.673074067,-0.795581281,-0.82276237,-0.874064684,0.299979031,0.144571349,0.285895675,0.101779699,0.230508104,NA,NA,-0.251784295,-0.221148163,-0.265274465,0.109330274,0.813105583,1.046891212,-0.01465557,-0.544090748,0.281016499
D03,-18.91569,34.36975,644249.4186,7907942.181,2_OW,HY,1.141704153,-0.33423549,-0.623505966,0.833150008,-0.8599344,-0.284463468,-0.734763236,-0.124966636,-0.298988193,-0.126482099,-0.452407181,-0.691929221,-0.577477932,-0.417812735,0.059195213,-1.028224587,-1.043051362,0.05143417,-0.918392658,-1.784127116,0.323730946,0.566915929,-0.489579499,-1.273888469,-1.776847601,-1.127031207,-1.490913272,-1.59098506,-2.165189028,NA,NA,NA,0.121817127,0.044080429,0.019862264,-0.455457628,2.155785561,1.870573521,-0.02203504,-0.544090748,-0.246277034
D05,-18.93763,34.37036,644294.8273,7905513.538,2.5_OCW,mix,-1.261883537,0.959579309,1.577103326,0.833150008,0.971878523,1.763673501,1.05249869,1.919941953,0.298988193,-1.20389688,-0.452407181,-0.949027717,-0.577477932,-0.417812735,-0.504687905,-0.115697034,-0.360072225,0.318214834,-0.697897077,-1.116482615,-0.521560133,-0.642207682,-0.817434788,-0.826678693,-0.887533307,0.307502776,0.00398467,-0.151824325,0.10966824,NA,NA,NA,-0.220570207,-0.247634694,-0.233817682,-0.464808762,-0.977134526,-0.794038832,-0.329289377,-0.544090748,-0.246277034
D07,-18.95907,34.37054,644295.3496,7903140.576,2_OW,mix,0.54080723,1.283033008,-0.623505966,-0.715695863,1.277180677,2.446385824,1.350375678,2.601578149,-0.298988193,-1.20389688,-0.452407181,-0.179117277,1.731667876,2.393416882,-1.033316731,-0.986301184,-1.011673927,0.666962862,-0.817497849,-0.107109487,-1.273106217,-0.871154547,-0.744031787,-0.65406388,-0.79575175,0.383576632,0.662049592,0.774037898,0.430376261,NA,NA,NA,-0.239353716,-0.209597662,-0.18692413,-1.342936873,0.813105583,-1.012314677,-0.329289377,2.185194492,-0.246277034
D09,-18.97986,34.37051,644274.2966,7900839.718,2.5_OCW,CA,-1.261883537,0.31267191,1.577103326,1.994784412,-0.554632246,-0.284463468,-0.734763236,-0.806602832,0.298988193,-1.20389688,-0.452407181,1.833530307,1.731667876,2.393416882,-1.573206306,0.679919124,0.235404804,1.059359074,0.07819923,-0.924359202,-1.676739812,-0.89087528,-0.850543082,-0.888740242,-0.745058715,0.091821082,-0.017305559,-0.133285195,0.051738612,-1.116176486,-0.912209213,NA,-0.251784295,-0.288821429,-0.328589201,0.689773619,-0.082014456,0.635049999,-0.329289377,2.185194492,-0.246277034
E02,-18.90468,34.39004,646396.0875,7909143.999,1_SW,AX_FA,1.742601075,-0.33423549,-0.623505966,1.994784412,-0.8599344,-0.967175791,-0.734763236,-0.806602832,-1.494940964,0.916651189,2.210397959,-2.005107164,-0.577477932,-0.417812735,0.499715,-0.933379889,-0.972065032,-0.507892311,-0.238955498,-1.236598372,1.035198569,-1.387075543,-1.652602673,-2.098265648,-2.193454981,-0.698175788,-0.922232628,-1.685157299,-1.914405346,NA,NA,NA,-0.251784295,-0.166555449,3.271636963,-1.194859982,1.260665655,1.870573521,-0.329289377,-0.544090748,-0.246277034
E04,-18.92648,34.39024,646398.1729,7906731.168,2_OW,AR,-0.660986615,0.636125609,-0.623505966,-0.134878661,0.971878523,2.446385824,1.05249869,2.601578149,-0.298988193,0.240818337,2.210397959,-0.98084569,-0.577477932,-0.417812735,-0.055319346,0.340364307,0.188576698,-0.233998761,0.912649155,-0.607344151,0.263620913,-0.826135159,-0.788067997,-0.837762594,-1.395109653,0.361005217,0.610143304,0.151309386,-0.326114982,NA,NA,NA,-0.251784295,-0.288821429,-0.194832027,-0.974033535,0.813105583,1.046891212,-0.329289377,-0.544090748,-0.246277034
E06,-18.94814,34.39065,646422.4683,7904333.652,2_OW,CA,0.54080723,1.283033008,1.577103326,0.058727073,0.055972062,-0.284463468,0.158867727,-0.124966636,-0.298988193,-1.037387371,-0.452407181,-0.250768423,-0.577477932,-0.417812735,-0.588388324,-0.334142685,-0.024616882,0.133249596,0.799862266,-0.012674448,-0.392490119,0.040919438,-0.255414128,-0.267546892,-0.434526473,-1.013338566,-0.974666715,-1.282382607,-0.761233628,-1.215515256,NA,NA,-0.251784295,-0.288821429,-0.316204369,-0.103458509,-0.082014456,-1.012314677,-0.329289377,-0.544090748,-0.246277034
E08,-18.97007,34.39047,646384.3728,7901906.739,3_CW,CA,-0.660986615,-0.981142889,-0.623505966,0.833150008,-0.8599344,-0.284463468,-0.734763236,-0.124966636,0.896964578,0.916651189,-0.452407181,1.967694402,1.731667876,2.393416882,-1.083676696,0.001618001,-0.272268057,0.550415874,0.536362469,0.044938423,-0.835109651,-0.459914476,-0.570001781,-0.728849113,-0.780393422,1.209520459,0.594835401,0.259755135,0.244609937,-1.231922507,-0.659534156,-0.650214314,-0.251784295,-0.288821429,-0.252237827,1.293796301,0.813105583,-0.188632309,-0.329289377,2.185194492,-0.246277034
E10,-18.99155,34.39053,646371.9214,7899529.423,2_OW,CA,0.54080723,-1.628050288,1.577103326,1.994784412,-0.8599344,-0.967175791,-0.734763236,-0.806602832,-0.298988193,0.916651189,-0.452407181,1.105356574,1.731667876,2.393416882,-1.488626003,-0.373382777,-0.552936554,0.960152924,-0.513157785,-0.756601393,-1.267964244,-1.296536446,-0.810481966,-0.506952345,-0.004681981,-0.506737411,-0.67079556,-0.760607481,-0.581345499,-1.233393431,-1.044659615,-0.634177864,-0.251784295,-0.282615215,-0.327372462,-0.367255479,-0.082014456,-0.188632309,-0.329289377,2.185194492,-0.246277034
E12,-19.01331,34.39089,646390.7826,7897120.864,4_F,mix,-0.060089692,-1.304596588,-0.623505966,1.994784412,-0.554632246,-0.967175791,-0.436886249,-0.806602832,2.092917349,0.916651189,-0.452407181,-0.036507186,1.731667876,2.393416882,-1.777126908,0.328100324,-0.02791314,1.404730916,-0.703488052,-1.327677608,-1.942342162,-0.006589759,0.035042852,-0.024722325,-0.289312273,-1.105295897,-0.455604821,-0.805177927,-1.339591384,0.368570983,-0.784061193,NA,0.031018673,-0.17892848,-0.019759659,1.543874621,-0.082014456,-1.012314677,-0.329289377,2.185194492,-0.246277034
F01,-18.89402,34.40934,648438.4484,7910307.681,1_SW,AX_FA,-1.261883537,1.929940408,-0.623505966,-0.715695863,0.055972062,0.398248855,0.158867727,0.55666956,-1.494940964,0.916651189,2.210397959,-0.92652607,-0.577477932,-0.417812735,0.932057858,0.104960047,-0.194921955,-1.038920283,-0.024624784,-0.892574847,1.791988015,-0.806351483,-0.954833746,-0.905887604,-1.308668137,0.054202288,-0.098596014,0.358247489,-0.335366577,NA,NA,NA,-0.251784295,-0.270766973,-0.24179092,-0.986367345,-1.424694538,2.282414675,-0.329289377,-0.544090748,-0.246277034
F03,-18.91463,34.40951,648438.1726,7908026.562,1_SW,AR,0.54080723,-0.981142889,-0.623505966,-0.715695863,1.887784985,0.398248855,1.946129653,0.55666956,-1.494940964,0.294689059,-0.452407181,-1.206129789,-0.577477932,-0.417812735,0.431149662,-0.573058963,-0.702383757,-0.783659756,-0.758556843,-0.195117429,1.112240672,-0.788182378,-0.554505408,-0.584692717,-0.84044981,0.335926026,0.863163948,1.113429666,0.881834328,NA,NA,NA,-0.220342234,-0.258918732,-0.301603317,-1.123414516,-0.529574454,1.840715051,-0.329289377,-0.544090748,-0.246277034
F05,-18.93785,34.40944,648410.2911,7905456.782,2_OW,AR,0.54080723,-0.981142889,-0.623505966,0.833150008,1.887784985,0.398248855,1.946129653,0.55666956,-0.298988193,0.916651189,-0.452407181,-0.322389305,1.731667876,-0.417812735,-0.10358496,0.148207381,-0.162553594,-0.35315609,-0.82927376,0.523492813,0.446960241,0.502603769,0.304170519,0.165728748,0.068181865,0.581702769,0.214600712,0.20309864,0.430171728,NA,NA,NA,-0.019274456,-0.175161809,-0.242025763,-0.749910295,-1.424694538,-1.012314677,-0.329289377,0.820551813,-0.246277034
F07,-18.95938,34.41,648450.222,7903073.504,1.5_SOW,AR,1.141704153,1.283033008,-0.623505966,-0.909301597,-0.249330092,0.398248855,-0.139009261,0.55666956,-0.896964578,-0.914953828,2.210397959,1.03001368,-0.577477932,-0.417812735,-0.529903352,-0.230208158,-0.445777833,0.033546016,-0.548793674,1.117723227,0.030804478,-0.603079379,-0.328432679,-0.321004301,-0.468893588,0.179598629,-0.102642842,0.162629679,0.265004545,-1.273067236,0.100153387,-0.722297966,-0.251784295,-0.134371191,-0.146858111,-1.576731324,0.813105583,-0.188632309,0.401278257,-0.544090748,0.978078246
F09,-18.98048,34.4101,648442.0657,7900738.197,2_OW,mix,-0.060089692,-0.657689189,1.577103326,-0.328484395,0.361274215,-0.284463468,0.456744715,-0.124966636,-0.298988193,-1.20389688,-0.452407181,1.716519713,-0.577477932,-0.417812735,-0.920856714,2.885838747,1.886419892,0.459341586,-0.863380432,0.367522866,-0.477940261,-1.025940418,-1.304698586,-1.247367144,-1.07389307,-0.86035502,-1.339241624,-1.392086148,-1.069708109,-1.090836406,-0.581550539,-0.71336776,0.137604877,-0.190650329,-0.228902191,-0.497912914,0.813105583,0.462076724,-0.02136418,-0.544090748,0.269773543
F11,-19.00232,34.41034,648447.9686,7898320.868,3_CW,CA,-0.660986615,1.283033008,-0.623505966,0.833150008,-0.8599344,-0.967175791,-0.734763236,-0.806602832,0.896964578,0.916651189,-0.452407181,0.323922068,-0.577477932,-0.417812735,-1.245848775,-0.938510537,-0.975905061,0.915295601,1.764502406,-0.276113629,-1.058465242,0.444640368,0.137299687,0.119613081,0.368039906,1.186113119,0.222518489,-0.1943167,-0.201770887,NA,0.31907922,-0.631375074,-0.251784295,-0.288821429,-0.333716959,-0.059669629,-0.082014456,-1.012314677,-0.329289377,-0.544090748,-0.246277034
G02,-18.90452,34.42932,650533.7909,7909128.718,2_OW,AX_FA,0.54080723,0.959579309,1.577103326,0.833150008,-0.8599344,-0.967175791,-0.734763236,-0.806602832,-0.298988193,0.916651189,-0.452407181,-1.461119771,-0.577477932,-0.417812735,0.921312213,-0.302073598,-0.499565333,-1.308546305,-0.619590759,-0.061252728,1.94459486,-0.917455494,-0.789052248,-0.5942958,-0.665878713,-0.621266067,-1.073728323,-0.453755021,0.126467749,NA,NA,NA,-0.21376133,0.006961362,-0.194137752,-0.904426932,-1.424694538,-0.188632309,0.925220728,-0.544090748,-0.246277034
G04,-18.92615,34.42925,650507.0552,7906734.895,1.5_SOW,AR,0.54080723,-0.657689189,-0.623505966,-0.715695863,2.498389293,0.398248855,2.541883629,0.55666956,-0.896964578,-1.20389688,2.210397959,-1.124435544,-0.577477932,-0.417812735,0.45575586,-0.916871786,-0.959709585,-0.893815577,-0.659582794,0.810152709,1.358349442,-0.997549891,-1.077676535,-0.9336707,-0.790914834,0.140307695,-0.251851141,0.188661173,0.331947148,NA,NA,NA,-0.180125639,-0.087784164,0.116930418,-1.435020328,-1.424694538,-0.188632309,0.167147771,-0.544090748,-0.246277034
G06,-18.94765,34.42924,650486.7352,7904355.404,3_CW,AR,0.54080723,0.959579309,-0.623505966,0.833150008,2.803691447,2.446385824,2.839760616,2.601578149,0.896964578,0.916651189,-0.452407181,-0.564291179,-0.577477932,-0.417812735,0.046719883,-0.173117593,-0.403048515,-0.486065537,-0.031281617,1.64058876,0.912214041,0.796211302,0.552000284,0.361993611,0.402404994,2.457632065,2.374425411,1.970057368,1.523301482,NA,NA,NA,-0.251784295,-0.283179402,-0.276881218,-0.634730756,0.813105583,-0.175329849,-0.329289377,-0.544090748,-0.246277034
G08,-18.96947,34.42969,650514.5428,7901940.099,3_CW,CA,-1.261883537,-0.33423549,-0.623505966,-0.715695863,-0.8599344,-0.967175791,-0.734763236,-0.806602832,0.896964578,0.916651189,-0.452407181,1.537145853,-0.577477932,-0.417812735,-0.34613502,-0.207711786,1.058635473,-0.036231607,-0.014139758,1.505362988,0.373003036,1.254770875,0.606378496,0.218697146,-0.006527735,0.554951668,0.084747165,-0.052456934,0.281037301,-1.135552883,0.873958945,NA,-0.251784295,-0.281063646,-0.314900726,1.490506172,0.813105583,0.22320886,-0.329289377,-0.544090748,-0.246277034
G10,-18.99154,34.42987,650513.6656,7899497.349,4_F,SF,0.54080723,0.959579309,-0.623505966,-1.064186184,-0.8599344,-0.967175791,-0.734763236,-0.806602832,2.092917349,0.916651189,-0.452407181,-0.113727316,1.731667876,2.393416882,-0.68356061,2.350004196,1.48537612,0.451903433,1.436435938,0.837319672,-0.173776731,0.611302495,1.152966022,1.150825739,0.925652862,-0.795984924,-0.401059449,0.888882041,0.592288971,-1.116176486,NA,-0.686508477,-0.251784295,-0.288821429,-0.333716959,0.447930753,0.813105583,-0.188632309,-0.329289377,2.185194492,-0.246277034
G12,-19.01238,34.43031,650541.238,7897190.503,2.5_OCW,CA,-0.660986615,-0.33423549,-0.623505966,-0.909301597,-0.554632246,0.398248855,-0.436886249,0.55666956,0.298988193,-0.376246452,2.210397959,1.214379787,1.731667876,2.393416882,-0.965800226,-0.526730537,-0.667709291,0.923618793,0.880035281,0.278376043,-0.423067242,0.736956954,0.954560518,0.704003572,0.782447517,-0.485837966,-0.044226501,-0.489848793,-0.782343745,NA,0.753893912,-0.71445924,-0.251784295,-0.288821429,-0.324169487,1.028332353,-0.082014456,-1.012314677,-0.329289377,2.185194492,-0.246277034
H03,-18.9152,34.4492,652618.1837,7907929.663,2_OW,AX_FA,-0.660986615,0.959579309,1.577103326,-0.909301597,0.055972062,0.398248855,0.158867727,0.55666956,-0.298988193,-0.185250252,-0.452407181,-1.421792388,-0.577477932,-0.417812735,1.015324235,-0.64546746,-0.75657773,-1.428113937,-0.529032469,-0.312480628,1.765211344,0.238083288,0.525320053,0.321413696,0.048792411,-1.106131911,-0.995781064,-0.830771804,0.23622711,NA,NA,NA,-0.251784295,-0.273870081,-0.25041911,-0.217106238,-1.424694538,0.22320886,-0.329289377,-0.544090748,-0.246277034
H05,-18.93732,34.44904,652581.2445,7905481.669,2_OW,AX_FA,1.742601075,1.283033008,-0.623505966,-0.909301597,-0.8599344,1.080961178,-0.734763236,1.238305756,-0.298988193,0.916651189,-0.452407181,-0.567744374,1.731667876,-0.417812735,0.59587568,-0.820239604,-0.887385488,-0.971703529,0.020897314,0.646499515,1.673936486,-0.356662661,-0.581234813,-0.07729385,-0.025980441,-1.369464159,-1.200766444,-0.78395915,-0.214328095,NA,NA,NA,-0.251784295,-0.288821429,-0.173255697,-0.914141774,0.813105583,0.22320886,-0.329289377,0.820551813,-0.246277034
H07,-18.95859,34.44962,652622.9841,7903127.104,3_CW,CA,-0.660986615,-0.01078179,1.577103326,-0.522090129,-0.249330092,-0.284463468,-0.139009261,-0.124966636,0.896964578,0.916651189,-0.452407181,0.086717732,-0.577477932,-0.417812735,0.236490086,-0.2762748,-0.165942013,-0.50334239,1.256167769,1.630589843,1.249590755,0.719975352,0.734314561,0.744895756,0.713139057,0.045006502,0.344629973,0.165145338,0.182011902,-0.954154849,NA,NA,-0.251784295,-0.288821429,-0.290458024,0.690982103,0.813105583,-1.012314677,-0.329289377,-0.544090748,-0.246277034
H09,-18.98015,34.45014,652658.1057,7900740.488,2.5_OCW,mix,-0.060089692,0.31267191,-0.623505966,0.058727073,-0.8599344,-0.967175791,-0.734763236,-0.806602832,0.298988193,0.240818337,2.210397959,0.558807671,-0.577477932,-0.417812735,-0.089252919,2.169842482,1.696282029,-0.016426357,4.364237785,2.014059782,0.749004245,0.828640521,0.831608593,0.921876073,1.170966983,0.312518746,0.9799968,1.31364131,1.463139534,NA,NA,NA,-0.251784295,-0.288821429,-0.333716959,0.830669403,0.813105583,-1.012314677,-0.329289377,-0.544090748,-0.246277034
H11,-19.00162,34.44932,652552.2044,7898364.99,3_CW,CA,0.54080723,0.959579309,1.577103326,-0.715695863,-0.8599344,-0.967175791,-0.734763236,-0.806602832,0.896964578,0.916651189,2.210397959,0.967562199,1.731667876,2.393416882,-0.40615496,1.201544642,0.625814199,0.494927585,0.139067367,1.386612177,0.390739828,0.796719193,0.557138383,0.81038332,1.369197249,1.354144216,0.125920266,0.355458498,0.64381212,NA,NA,-0.875021994,-0.251784295,-0.288821429,-0.314118505,1.169820905,0.813105583,0.22320886,-0.329289377,2.185194492,-0.246277034
H13,-19.02429,34.4497,652571.5229,7895855.634,3.5_CWF,SF,-0.060089692,0.31267191,-0.623505966,-1.064186184,-0.249330092,-0.284463468,-0.139009261,-0.124966636,1.494940964,0.916651189,-0.452407181,1.204776645,1.731667876,2.393416882,-0.847717702,0.578237832,0.159301698,1.038306594,1.027077913,0.512164652,-0.322101891,1.547885299,1.672529101,1.733486652,1.678032517,-0.703191638,0.231492192,1.440188646,1.312250614,1.540740013,1.75857842,NA,-0.251784295,-0.288821429,-0.251040429,1.825089574,-0.082014456,-0.345131963,-0.329289377,2.185194492,-0.246277034
I04,-18.92486,34.4683,654621.1054,7906843.928,1_SW,HY,2.94439492,0.636125609,1.577103326,-0.522090129,0.055972062,0.398248855,-0.734763236,-0.806602832,-1.494940964,-1.20389688,-0.452407181,-0.5354895,1.731667876,-0.417812735,1.181660414,-0.906465292,-0.951920867,-1.459059477,-0.434193969,-0.377501488,0.956138253,-1.701845884,-1.603329182,-1.458188176,-1.445168853,-1.259951353,-1.351030469,-1.402421951,-1.637809157,1.409703374,NA,NA,-0.251784295,-0.223851249,0.129125759,-1.218276381,0.813105583,-0.600473464,-0.221280769,0.820551813,-0.246277034
I06,-18.94756,34.46877,654649.7034,7904331.173,1.5_SOW,AR,-0.060089692,-0.01078179,-0.623505966,0.058727073,0.055972062,0.398248855,0.158867727,0.55666956,-0.896964578,-1.20389688,2.210397959,-0.862117469,-0.577477932,-0.417812735,0.806046486,-1.138096452,-1.125284791,-0.949533641,0.015024828,0.693081498,0.927908182,-0.715333819,-0.292696804,-0.142724544,-0.139658704,-0.859519064,-1.006514192,-1.06707716,-1.049364686,NA,NA,NA,-0.251784295,-0.288821429,0.01871546,-1.020475864,0.813105583,-1.012314677,-0.329289377,-0.544090748,-0.246277034
I08,-18.96937,34.46918,654672.7672,7901916.965,3_CW,AR,-0.660986615,0.636125609,-0.623505966,0.445938541,-0.8599344,-0.967175791,-0.734763236,-0.806602832,0.896964578,-0.292991728,-0.452407181,0.095564708,-0.577477932,-0.417812735,0.472609431,-0.171827957,-0.402083367,-0.424324393,2.820438862,1.79661727,1.138907433,0.685757697,0.752007663,0.640972972,0.482575476,-0.322822779,-0.845693052,-0.708271384,-0.560746312,NA,NA,NA,-0.251784295,-0.288821429,-0.333716959,0.160798296,0.813105583,-1.012314677,-0.329289377,-0.544090748,-0.246277034
I10,-18.99097,34.46956,654692.833,7899526.02,3_CW,mix,-0.660986615,0.959579309,-0.623505966,1.220361476,0.055972062,-0.284463468,0.158867727,-0.124966636,0.896964578,0.916651189,2.210397959,0.189645976,-0.577477932,-0.417812735,0.078647584,-0.830574393,-0.895120502,0.108066298,1.394903183,2.346336842,1.131312847,1.098631144,1.165867925,1.305050373,1.234235644,0.76561749,0.385275275,0.83523345,1.17746222,-0.725453436,NA,NA,-0.251784295,-0.288821429,-0.333716959,1.414906025,0.813105583,0.22320886,-0.329289377,-0.544090748,-0.246277034
I12,-19.01319,34.46984,654701.766,7897066.538,2_OW,mix,0.54080723,-0.657689189,-0.623505966,-0.715695863,-0.8599344,-0.284463468,-0.734763236,-0.124966636,-0.298988193,-1.20389688,2.210397959,-0.249018654,-0.577477932,-0.417812735,-0.502450407,-0.877036273,-0.929894865,0.656366467,-0.485828578,1.195729017,0.246193215,0.648021102,0.668081343,0.015437557,0.236182481,-0.467446506,-0.603933394,-0.719755828,-0.264147341,NA,NA,NA,-0.251784295,-0.061842263,0.091373436,-0.000275513,0.813105583,-0.600473464,0.709874332,-0.544090748,-0.246277034
I14,-19.03467,34.46753,654438.7419,7894691.23,1_SW,AR,-1.261883537,-0.01078179,-0.623505966,-0.715695863,0.361274215,-0.284463468,0.456744715,-0.124966636,-1.494940964,-1.20389688,-0.452407181,-0.179539487,-0.577477932,-0.417812735,-1.071469784,-1.037037849,1.530732632,1.135794997,-0.144293547,0.06906613,-0.621418297,-0.428106189,-0.170529827,-0.078826644,0.11070212,-0.363785505,0.250143111,0.404185206,-0.35961172,NA,NA,NA,-0.251784295,-0.175654337,-0.228728369,-0.038202371,-0.082014456,-1.012314677,0.216791481,-0.544090748,-0.246277034
J03,-18.91491,34.4889,656800.0799,7907926.996,1_SW,AX_FA,2.343497997,-1.628050288,1.577103326,1.994784412,-0.8599344,-0.967175791,-0.734763236,-0.806602832,-1.494940964,-0.195044935,2.210397959,-1.125900388,-0.577477932,-0.417812735,1.751540184,-1.077954769,-1.08027184,-1.844202399,-0.76151675,-1.186738849,0.268987179,-0.73090291,-1.297921777,-1.060762286,-1.610584855,1.366683841,-0.083815888,0.297270805,-0.881181777,NA,NA,NA,3.131322145,4.358697891,3.666272879,-0.196923032,-0.977134526,-1.012314677,-0.329289377,-0.544090748,-0.246277034
J05,-18.93744,34.48872,656760.1008,7905433.611,2_OW,HY,0.54080723,-0.981142889,1.577103326,-0.328484395,0.055972062,0.398248855,-0.734763236,-0.806602832,-0.298988193,-1.20389688,-0.452407181,0.056234498,1.731667876,-0.417812735,1.379447937,-0.623697817,-0.740284264,-1.278770089,-0.837954283,0.001311101,0.117820814,-0.316746086,0.309516042,0.478781253,0.247193456,-0.417287946,0.057298593,-0.034409851,-0.375695884,1.385833979,NA,NA,0.221226349,0.396500349,0.176067606,-0.917467833,-0.977134526,-0.188632309,2.507781982,0.820551813,-0.246277034
J07,-18.95831,34.48913,656783.7834,7903123.421,2_OW,mix,0.54080723,0.636125609,-0.623505966,0.058727073,-0.554632246,-0.284463468,-0.734763236,-0.806602832,-0.298988193,0.916651189,-0.452407181,0.5175578,-0.577477932,-0.417812735,1.048355222,0.261787206,0.665836871,-0.751719773,-0.016518787,0.843718767,0.246673346,0.21047838,0.494842917,0.482651621,0.40076533,-1.252427578,-0.51965183,-0.507895887,-0.948277652,NA,NA,NA,-0.251784295,-0.259058803,-0.297561347,-0.144062743,0.813105583,-1.012314677,-0.329289377,-0.544090748,-0.246277034
J09,-18.97872,34.4887,656719.4201,7900864.884,2_OW,mix,-0.660986615,-0.657689189,1.577103326,1.994784412,-0.554632246,-0.967175791,-0.436886249,-0.806602832,-0.298988193,0.916651189,-0.452407181,-0.772217691,-0.577477932,-0.417812735,0.523954213,1.768930554,1.050472856,-0.30543837,2.975974798,1.211397171,0.637474537,0.463433921,0.134506881,0.478326976,0.713949084,-0.845307469,-0.434490472,0.158473581,0.245870724,NA,NA,NA,-0.251784295,-0.288821429,-0.333716959,0.725697756,0.813105583,-0.188632309,-0.329289377,-0.544090748,-0.246277034
J11,-19.00152,34.48963,656795.9875,7898340.612,3.5_CWF,mix,-1.261883537,-0.657689189,-0.623505966,-0.909301597,-0.8599344,-0.284463468,-0.734763236,-0.124966636,1.494940964,0.916651189,-0.452407181,-0.170777231,-0.577477932,-0.417812735,-0.030546959,0.002530204,-0.251486391,0.143441468,0.365363866,1.411839366,0.980722189,1.333721042,1.391937613,1.356185555,1.134878993,1.644227743,2.006683588,1.906455636,1.330617666,NA,NA,NA,-0.251784295,-0.288821429,-0.327546269,0.844650269,0.813105583,-0.600473464,-0.329289377,-0.544090748,-0.246277034
J13,-19.02231,34.489,656710.1784,7896040.187,2_OW,AR,-0.660986615,0.959579309,-0.623505966,-0.715695863,-0.249330092,-0.967175791,-0.139009261,-0.806602832,-0.298988193,-1.20389688,2.210397959,1.13074553,-0.577477932,-0.417812735,-0.525633097,-0.393182755,-0.064756028,0.610006571,1.074801803,1.149928212,0.228731126,-0.551417649,0.267360896,0.781397283,0.843955815,-0.708207488,-0.655487657,0.551459074,0.978883326,NA,NA,NA,-0.251784295,-0.288821429,-0.152648047,-0.073649459,-0.977134526,-1.012314677,-0.329289377,-0.544090748,-0.246277034
K04,-18.92375,34.50578,658569.743,7906933.543,1_SW,AX_FA,-1.261883537,-1.304596588,-0.623505966,0.445938541,-0.8599344,-0.967175791,-0.734763236,-0.806602832,-1.494940964,0.916651189,2.210397959,-0.930564702,-0.577477932,-0.417812735,1.946429133,-0.835676074,-0.898938894,-1.688376665,-0.786339104,-0.919546008,-0.473162025,-0.531712472,-0.703816414,-0.469228566,-0.435487986,0.409491837,0.167093381,0.520943344,0.264101446,NA,NA,NA,-0.112172,0.39188382,1.485355616,-0.87926203,-0.977134526,-1.012314677,1.773859978,-0.544090748,-0.246277034
K06,-18.94731,34.50857,658841.3202,7904323.474,3_CW,SF,-1.261883537,1.283033008,-0.623505966,-1.064186184,0.666576369,-0.284463468,-0.734763236,-0.806602832,0.896964578,0.916651189,2.210397959,1.085051179,1.731667876,-0.417812735,1.494195461,0.738067508,1.12444973,-1.209177852,0.920661747,-0.160781115,-0.61224246,0.641837597,0.615493178,0.684914052,0.907025099,-0.125532523,-0.710209072,-0.746498108,-0.337819964,1.423523188,NA,NA,-0.251784295,-0.288821429,-0.282296896,0.25884974,-0.977134526,1.870573521,-0.329289377,0.820551813,-0.246277034
K08,-18.9698,34.50842,658804.2283,7901834.466,2_OW,mix,-0.660986615,-0.01078179,1.577103326,0.833150008,-0.554632246,-0.967175791,-0.436886249,-0.806602832,-0.298988193,0.916651189,-0.452407181,0.251826584,-0.577477932,-0.417812735,0.945778966,-0.624018073,3.27956152,-0.775940955,0.341629773,0.108429,-0.206965834,0.498968691,0.580401301,0.646549106,0.676414311,-0.34288612,-0.293552041,-0.360840678,0.149315745,NA,NA,NA,-0.251784295,-0.288821429,-0.316972733,-0.990338027,-0.977134526,1.458732367,-0.329289377,-0.544090748,-0.246277034
K10,-18.9911,34.50899,658844.0496,7899476.51,3.5_CWF,mix,0.54080723,0.31267191,-0.623505966,-1.064186184,0.666576369,-0.284463468,0.754621702,-0.124966636,1.494940964,0.916651189,2.210397959,-0.050428674,-0.577477932,-0.417812735,0.454625607,-1.027269006,1.738614678,-0.308695525,0.800871253,0.604834437,0.392294705,1.073799849,0.909592569,0.796831667,0.680303156,2.383230209,2.108560324,1.425094604,1.739480495,NA,NA,NA,-0.251784295,-0.288821429,-0.326405913,1.618679643,0.813105583,-0.188632309,-0.329289377,-0.544090748,-0.246277034
K12,-19.01297,34.50941,658867.5015,7897055.597,3_CW,CA,-0.660986615,-0.981142889,-0.623505966,-0.909301597,0.055972062,-0.284463468,0.158867727,-0.124966636,0.896964578,-1.05207932,-0.452407181,-1.316386104,-0.577477932,-0.417812735,-0.022107514,-0.850021183,-0.909675419,0.203885481,0.673211932,0.333092421,1.025760412,1.52193296,1.574272871,1.467497706,1.139496565,-0.087077588,0.356242985,0.160114214,1.290833592,0.368570983,NA,NA,-0.251784295,-0.288821429,-0.321027935,0.193101391,0.813105583,-1.012314677,-0.329289377,-0.544090748,-0.246277034
L05,-18.93517,34.52907,661011.8661,7905648.523,1_SW,AX_FA,-0.660986615,-0.33423549,-0.623505966,0.833150008,-0.8599344,-0.967175791,-0.734763236,-0.806602832,-1.494940964,0.59832406,-0.452407181,0.057835959,1.731667876,2.393416882,2.013453484,-0.415609121,-0.584540725,-1.773953438,-0.84236306,-0.899425447,-1.461580157,-0.435940355,-0.262209535,0.290022731,0.36796996,-0.094601467,-0.210150242,1.073562384,0.763112843,NA,NA,NA,0.066292413,-0.103446938,-0.027048947,-0.419482499,-0.529574454,-1.012314677,0.575702131,2.185194492,-0.246277034
L07,-18.95881,34.52905,660987.0825,7903032.102,2_OW,HY,2.343497997,-3.245318786,-0.623505966,-0.522090129,0.055972062,1.080961178,-0.734763236,-0.806602832,-0.298988193,0.916651189,2.210397959,0.524485171,-0.577477932,-0.417812735,1.460961819,1.382486701,0.761239886,-1.245056391,0.887888253,-1.086515069,-1.120495319,0.822171509,1.226055741,1.30534184,1.214000344,0.878474116,1.153134584,1.458672762,1.474112153,NA,NA,NA,-0.251784295,-0.288821429,-0.322920322,-1.640282869,-0.977134526,2.967594862,-0.329289377,-0.544090748,-0.246277034
L09,-18.97978,34.52872,660932.1973,7900711.471,3_CW,CA,-1.261883537,-0.657689189,1.577103326,-0.715695863,0.666576369,1.763673501,-0.734763236,-0.806602832,0.896964578,0.916651189,2.210397959,0.830007613,-0.577477932,-0.417812735,0.985485375,1.309558392,0.742930233,-0.731789231,0.950674534,-0.554599404,-0.431093156,0.653892457,1.139584184,1.15598774,1.105362058,0.531544268,0.853662431,0.945374489,1.01968956,1.300294161,NA,1.092660666,-0.251784295,-0.288821429,-0.309866399,-0.584992051,-1.424694538,1.046891212,-0.329289377,-0.544090748,-0.246277034
L11,-19.00148,34.52897,660937.6591,7898309.509,3_CW,CA,0.54080723,-0.01078179,1.577103326,-0.909301597,1.277180677,0.398248855,1.350375678,0.55666956,0.896964578,0.916651189,-0.452407181,0.667953253,-0.577477932,-0.417812735,0.538739026,-0.960638225,-0.992466509,-0.193331212,-0.718334854,-0.4762851,0.37637943,1.522107124,1.49866271,1.320962429,1.278355956,-0.33619839,1.103691816,0.8426162,1.402620435,1.169617534,NA,1.139577985,-0.082874596,-0.256238788,-0.127520397,1.018328786,-1.424694538,-0.188632309,-0.329289377,-0.544090748,-0.246277034
L13,-19.02311,34.5293,660951.5797,7895915.216,3.5_CWF,CA,-1.261883537,-1.628050288,-0.623505966,-0.909301597,0.666576369,-0.967175791,0.754621702,-0.806602832,1.494940964,0.916651189,-0.452407181,-0.468853503,-0.577477932,-0.417812735,0.097653911,-0.278294295,0.874728978,0.348034799,0.319229394,-0.643193185,1.22127676,1.47535944,1.574071646,1.495335102,1.640188217,-0.714895248,-1.030092001,-0.808131099,-0.265766054,NA,NA,1.183944941,-0.251784295,-0.288821429,-0.285090208,1.383550525,-0.977134526,-1.012314677,-0.329289377,-0.544090748,-0.246277034
M08,-18.96881,34.54853,663028.7186,7901907.404,2_OW,CA,0.54080723,0.959579309,-0.623505966,-0.328484395,-0.8599344,-0.967175791,-0.734763236,-0.806602832,-0.298988193,0.916651189,-0.452407181,0.258621722,-0.577477932,-0.417812735,1.527557611,-0.795846522,-0.869128525,-1.031293869,-0.181978941,-1.664428353,-1.131146312,1.186462164,1.133749008,1.200649261,1.121694326,1.151002169,0.505451262,1.35755527,1.291038036,NA,2.404960155,NA,-0.251784295,0.248931646,0.685824931,0.141107321,1.708225608,1.428462029,-0.329289377,-0.544090748,-0.246277034
M10,-18.99093,34.54668,662812.4137,7899460.883,2_OW,HY,-0.660986615,1.283033008,-0.623505966,-0.522090129,0.055972062,-0.284463468,0.158867727,-0.124966636,-0.298988193,0.916651189,2.210397959,1.007461548,-0.577477932,-0.417812735,1.039414525,0.123094991,-0.181348816,-0.478839666,-0.086401217,-1.01013279,-0.218835384,0.993064642,0.647079825,0.544120848,0.834209681,0.564147353,-0.226689801,-0.652654111,0.322184235,1.43792367,NA,1.202288032,-0.251784295,-0.174601838,0.179240763,-0.634511471,-0.529574454,1.046891212,0.118845776,-0.544090748,0.504750848